{
  "scene_count": 1,
  "success_count": 1,
  "success_rate": 1.0,
  "seed": 7,
  "obstacle_count": 2,
  "results": [
    {
      "success": true,
      "object_position": [
        0.274499269590152,
        0.031021938919291135,
        0.8889839470713489
      ],
      "target_position": [
        0.2,
        0.0,
        0.8200000000000001
      ],
      "xy_error": 0.08070007350540873,
      "z_error": 0.0689839470713488,
      "placement_target": [
        0.2,
        0.0,
        0.8200000000000001
      ],
      "obstacles": [
        {
          "pos": [
            0.10254009597396016,
            0.20655117650417926,
            0.92
          ],
          "size": [
            0.05,
            0.05,
            0.1
          ],
          "quat": [
            0.9843979483186088,
            0.0,
            0.0,
            0.1759564700319754
          ],
          "rgba": [
            0.34013302792898037,
            0.7988427563170095,
            0.10421224365245979,
            1.0
          ]
        },
        {
          "pos": [
            0.026932048470711567,
            0.0023650946581357246,
            0.92
          ],
          "size": [
            0.05,
            0.05,
            0.1
          ],
          "quat": [
            0.7096013244775776,
            0.0,
            0.0,
            0.7046034063923249
          ],
          "rgba": [
            0.7341295353710025,
            0.5977433835529301,
            0.8911681181455079,
            1.0
          ]
        }
      ],
      "scene_index": 0
    }
  ]
}