{
  "scene_count": 3,
  "success_count": 2,
  "success_rate": 0.6666666666666666,
  "seed": 7,
  "obstacle_count": 3,
  "results": [
    {
      "success": false,
      "object_position": [
        0.2801456321534279,
        0.019523723232596855,
        0.8890123702600828
      ],
      "target_position": [
        0.2,
        0.0,
        0.8200000000000001
      ],
      "xy_error": 0.08248938187509722,
      "z_error": 0.06901237026008278,
      "placement_target": [
        0.2,
        0.0,
        0.8200000000000001
      ],
      "obstacles": [
        {
          "pos": [
            0.10254009597396016,
            0.20655117650417926,
            0.92
          ],
          "size": [
            0.05,
            0.05,
            0.1
          ],
          "quat": [
            0.9843979483186088,
            0.0,
            0.0,
            0.1759564700319754
          ],
          "rgba": [
            0.34013302792898037,
            0.7988427563170095,
            0.10421224365245979,
            1.0
          ]
        },
        {
          "pos": [
            0.026932048470711567,
            0.0023650946581357246,
            0.92
          ],
          "size": [
            0.05,
            0.05,
            0.1
          ],
          "quat": [
            0.7096013244775776,
            0.0,
            0.0,
            0.7046034063923249
          ],
          "rgba": [
            0.7341295353710025,
            0.5977433835529301,
            0.8911681181455079,
            1.0
          ]
        },
        {
          "pos": [
            -0.06957034674104844,
            -0.17668974239392082,
            0.92
          ],
          "size": [
            0.05,
            0.05,
            0.1
          ],
          "quat": [
            0.8864922226802354,
            0.0,
            0.0,
            0.4627434917180963
          ],
          "rgba": [
            0.1351536063691067,
            0.1285442230188769,
            0.5119110562170962,
            1.0
          ]
        }
      ],
      "scene_index": 0
    },
    {
      "success": true,
      "object_position": [
        0.27005170404170964,
        0.008489950835096424,
        0.8890121464062093
      ],
      "target_position": [
        0.2,
        0.0,
        0.8200000000000001
      ],
      "xy_error": 0.07056430049486519,
      "z_error": 0.06901214640620923,
      "placement_target": [
        0.2,
        0.0,
        0.8200000000000001
      ],
      "obstacles": [
        {
          "pos": [
            0.035806530636621425,
            0.2169272420602832,
            0.92
          ],
          "size": [
            0.06,
            0.04,
            0.1
          ],
          "quat": [
            0.9195796438650101,
            0.0,
            0.0,
            0.3929036505163843
          ],
          "rgba": [
            0.49749874831480345,
            0.2980119376218647,
            0.10943522043400469,
            1.0
          ]
        },
        {
          "pos": [
            -0.07919109952616953,
            0.09985670285855636,
            0.92
          ],
          "size": [
            0.05,
            0.05,
            0.1
          ],
          "quat": [
            0.9876136843237313,
            0.0,
            0.0,
            0.1569051004158411
          ],
          "rgba": [
            0.3956290484817654,
            0.10298739364166076,
            0.7640381838413964,
            1.0
          ]
        },
        {
          "pos": [
            -0.09512634595419527,
            -0.12084836162683157,
            0.92
          ],
          "size": [
            0.06,
            0.04,
            0.1
          ],
          "quat": [
            0.9209095318741186,
            0.0,
            0.0,
            0.389776389874235
          ],
          "rgba": [
            0.7777201970926955,
            0.611773733554021,
            0.6934167578894856,
            1.0
          ]
        }
      ],
      "scene_index": 1
    },
    {
      "success": true,
      "object_position": [
        0.27148476885483047,
        -0.029172182693955818,
        0.8889897575603223
      ],
      "target_position": [
        0.2,
        0.0,
        0.8200000000000001
      ],
      "xy_error": 0.07720808520717293,
      "z_error": 0.06898975756032222,
      "placement_target": [
        0.2,
        0.0,
        0.8200000000000001
      ],
      "obstacles": [
        {
          "pos": [
            0.053264339246146986,
            0.19309647588029794,
            0.92
          ],
          "size": [
            0.06,
            0.04,
            0.1
          ],
          "quat": [
            0.9600162329983305,
            0.0,
            0.0,
            0.2799443380025666
          ],
          "rgba": [
            0.5785472537657704,
            0.1474013138764029,
            0.41010544088858303,
            1.0
          ]
        },
        {
          "pos": [
            -0.024324734571553208,
            -0.18189614088336503,
            0.92
          ],
          "size": [
            0.05,
            0.05,
            0.1
          ],
          "quat": [
            0.9559208248139588,
            0.0,
            0.0,
            0.29362455055223285
          ],
          "rgba": [
            0.8829983075289773,
            0.5719933544084882,
            0.5840450030638811,
            1.0
          ]
        },
        {
          "pos": [
            -0.11938428054866684,
            0.24327058654538714,
            0.92
          ],
          "size": [
            0.06,
            0.04,
            0.1
          ],
          "quat": [
            0.8640162911909502,
            0.0,
            0.0,
            0.5034638502977498
          ],
          "rgba": [
            0.3403360651832562,
            0.7992616209196036,
            0.629771790670763,
            1.0
          ]
        }
      ],
      "scene_index": 2
    }
  ]
}